aadhaar_number,image_path
AMF4158656,Project Images\Chaitanya.png
JAD5400398,Project Images\Praveen.png
GLU0286085,Project Images\Gopi Rayala.png
VGM1310010,Project Images\Vegi Charan.png
MTI1547079,Project Images\Akash.png
RKQ7117649,Project Images\V Mahesh.png
ZBE4821659,Project Images\Sruthi.png
ASE4831390,Project Images\Rishitha.png
JMQ1209554,Project Images\Sree.png
THV1400297,Project Images\Niharika.png
WJL9457521,Project Images\Preethi.png
MDM1536177,Project Images\Susmitha.png
WKT0390644,Project Images\vyshnavi cts-1.png
EXU1870941,Project Images\deepika.png
TRH3017805,Project Images\Bindhu.png
OMA2363098,Project Images\Vuha.png
ICG6667122,Project Images\Vyshnavi.png
VWL7529583,Project Images\Charan.png
HPD0329877,Project Images\Vishnu.png
LEX1222915,Project Images\Mahesh palakaluri.png
FEJ8023952,Project Images\Daksh.png
XYI4328404,Project Images\Charishma.png
